#MaxThreads,#UE,AvUE/Thread,ExecutionTime,RegistrationThroughput(registrations/sec),RegistrationLatency(sec),SetupTunnel(Yes/No),DO Detach (Yes/No),SendingData?(Yes/No),MeanDataSendingTime,SendingRate,#Attach,#Detach,#Service_Requests,ATTACH_PERCENT,EPOCH_TPT,EPOCH_DELAY_ms,ServiceRequestLatency
4,16946,4236.5,180,94.144444,0.001800,No,No,Yes,1,0K,764,760,15422,8.993273,810.705032
8,32340,4042.5,181,178.674033,0.003079,No,No,Yes,1,0K,1448,1440,29452,8.930118,934.591776
12,47358,3946.5,181,261.646409,0.003814,No,No,Yes,1,0K,2122,2110,43126,8.936188,989.070607
14,47028,3359.14,181,259.823204,0.003946,No,No,Yes,1,0K,2118,2106,42804,8.981883,1039.076138
13,41754,3211.85,181,230.685083,0.004451,No,No,Yes,1,0K,1868,1858,38028,8.923696,998.728069
