#MaxThreads,#UE,AvUE/Thread,ExecutionTime,RegistrationThroughput(registrations/sec),RegistrationLatency(sec),SetupTunnel(Yes/No),DO Detach (Yes/No),SendingData?(Yes/No),MeanDataSendingTime,SendingRate,#Attach,#Detach,#Service_Requests,ATTACH_PERCENT,EPOCH_TPT,EPOCH_DELAY_ms,ServiceRequestLatency
14,71719,5122.79,181,396.237569,0.001280,No,No,Yes,1,0K,363,354,71002,0.999735,1095.062435
16,69128,4320.5,182,379.824176,0.001384,No,No,Yes,1,0K,351,341,68436,1.001042,1142.483693
16,62420,3901.25,181,344.861878,0.001317,No,No,Yes,1,0K,315,303,61802,0.990067,1163.442834
15,58144,3876.27,181,321.237569,0.001337,No,No,Yes,1,0K,298,286,57560,1.004403,1191.139715
18,57418,3189.89,181,317.226519,0.001499,No,No,Yes,1,0K,298,280,56840,1.006653,1204.823663
16,52512,3282,182,288.527473,0.001364,No,No,Yes,1,0K,274,262,51976,1.020719,1108.921117
16,35012,2188.25,122,286.983607,0.001656,No,No,Yes,1,0K,184,172,34656,1.016794,1181.564780
18,69285,3849.17,182,380.686813,0.001439,No,No,Yes,1,0K,354,337,68594,0.997330,1157.625871
25,72115,2884.6,182,396.236264,0.001462,No,No,Yes,1,0K,373,354,71388,1.008112,1241.264848
