#MaxThreads,#UE,AvUE/Thread,ExecutionTime,RegistrationThroughput(registrations/sec),RegistrationLatency(sec),SetupTunnel(Yes/No),DO Detach (Yes/No),SendingData?(Yes/No),MeanDataSendingTime,SendingRate,#Attach,#Detach,#Service_Requests,ATTACH_PERCENT,EPOCH_TPT,EPOCH_DELAY_ms,ServiceRequestLatency
14,98369,7026.36,181,543.475138,0.001211,No,No,Yes,1,0K,494,487,97388,0.997265,1022.993398
16,111429,6964.31,181,615.629834,0.001241,No,No,Yes,1,0K,558,551,110320,0.995253,1069.450925
16,55434,3464.63,182,304.582418,0.001359,No,No,Yes,1,0K,283,271,54880,0.999387,1131.734840
15,86393,5759.53,181,477.309392,0.001204,No,No,Yes,1,0K,441,430,85522,1.008183,1082.316164
18,71372,3965.11,181,394.320442,0.001354,No,No,Yes,1,0K,364,350,70658,1.000392,1129.800235
16,56028,3501.75,182,307.846154,0.001537,No,No,Yes,1,0K,289,273,55466,1.003070,1175.927036
16,81820,5113.75,121,676.198347,0.001211,No,No,Yes,1,0K,410,402,81008,0.992422,1031.831893
18,90370,5020.56,182,496.538462,0.001426,No,No,Yes,1,0K,458,440,89472,0.993693,1121.537934
25,72459,2898.36,182,398.126374,0.001756,No,No,Yes,1,0K,375,350,71734,1.000566,1300.465735
