#MaxThreads,#UE,AvUE/Thread,ExecutionTime,RegistrationThroughput(registrations/sec),RegistrationLatency(sec),SetupTunnel(Yes/No),DO Detach (Yes/No),SendingData?(Yes/No),MeanDataSendingTime,SendingRate,#Attach,#Detach,#Service_Requests,ATTACH_PERCENT,EPOCH_TPT,EPOCH_DELAY_ms,ServiceRequestLatency
14,69388,4956.29,182,381.252747,0.001155,No,No,Yes,1,0K,356,344,68688,1.008820,1029.945507
16,48750,3046.88,182,267.857143,0.001284,No,No,Yes,1,0K,247,237,48266,0.992821,1147.725065
16,87977,5498.56,181,486.060773,0.001217,No,No,Yes,1,0K,444,435,87098,0.999125,1034.219511
15,78139,5209.27,181,431.707182,0.001191,No,No,Yes,1,0K,396,387,77356,1.002060,1026.258080
18,50964,2831.33,182,280.021978,0.001267,No,No,Yes,1,0K,264,252,50448,1.012479,1121.026027
16,75750,4734.38,181,418.508287,0.001211,No,No,Yes,1,0K,384,376,74990,1.003300,1048.812055
16,59134,3695.88,122,484.704918,0.001390,No,No,Yes,1,0K,301,287,58546,0.994352,1045.848649
18,89722,4984.56,182,492.978022,0.001422,No,No,Yes,1,0K,458,440,88824,1.000869,1070.178893
25,96719,3868.76,182,531.423077,0.001514,No,No,Yes,1,0K,497,474,95748,1.003939,1197.299359
