#MaxThreads,#UE,AvUE/Thread,ExecutionTime,RegistrationThroughput(registrations/sec),RegistrationLatency(sec),SetupTunnel(Yes/No),DO Detach (Yes/No),SendingData?(Yes/No),MeanDataSendingTime,SendingRate,#Attach,#Detach,#Service_Requests,ATTACH_PERCENT,EPOCH_TPT,EPOCH_DELAY_ms,ServiceRequestLatency
1,2053,2053,60,34.216667,0.000991,No,No,Yes,1,0K,11,10,2032,1.022893,749.588583
10,21413,2141.3,181,118.303867,0.001282,No,No,Yes,1,0K,110,105,21198,1.004063,1077.951599
1,400,400,12,33.333333,0.000746,No,No,Yes,1,0K,2,2,396,1.000000,598.861111
1,400,400,12,33.333333,0.000704,No,No,Yes,1,0K,2,2,396,1.000000,623.406566
1,400,400,12,33.333333,0.001424,No,No,Yes,1,0K,2,2,396,1.000000,834.527778
1,400,400,12,33.333333,0.001032,No,No,Yes,1,0K,2,2,396,1.000000,899.154040
1,2065,2065,60,34.416667,0.000832,No,No,Yes,1,0K,11,10,2044,1.016949,710.575342
10,14315,1431.5,61,234.672131,0.001350,No,No,Yes,1,0K,75,70,14170,1.012923,1128.373536
10,15465,1546.5,61,253.524590,0.001364,No,No,Yes,1,0K,85,76,15304,1.041060,1065.032867
