#MaxThreads,#UE,AvUE/Thread,ExecutionTime,RegistrationThroughput(registrations/sec),RegistrationLatency(sec),SetupTunnel(Yes/No),DO Detach (Yes/No),SendingData?(Yes/No),MeanDataSendingTime,SendingRate,#Attach,#Detach,#Service_Requests,ATTACH_PERCENT,EPOCH_TPT,EPOCH_DELAY_ms,ServiceRequestLatency
1,1855,1855,60,30.916667,0.004081,No,No,Yes,1,0K,10,9,1836,1.024259,3799.520697
10,33050,3305,181,182.596685,0.004467,No,No,Yes,1,0K,168,162,32720,0.998487,4326.978392
1,375,375,12,31.250000,0.003771,No,No,Yes,1,0K,2,1,372,0.800000,3641.723118
1,377,377,12,31.416667,0.003659,No,No,Yes,1,0K,2,1,374,0.795756,3594.890374
1,363,363,12,30.250000,0.004517,No,No,Yes,1,0K,2,1,360,0.826446,3880.097222
1,373,373,12,31.083333,0.003965,No,No,Yes,1,0K,2,1,370,0.804290,3833.310811
1,1877,1877,60,31.283333,0.003764,No,No,Yes,1,0K,10,9,1858,1.012254,3658.117869
10,17997,1799.7,60,299.950000,0.004966,No,No,Yes,1,0K,90,89,17818,0.994610,4732.189303
10,17987,1798.7,60,299.783333,0.005140,No,No,Yes,1,0K,90,87,17810,0.984044,4801.801179
