#MaxThreads,#UE,AvUE/Thread,ExecutionTime,RegistrationThroughput(registrations/sec),RegistrationLatency(sec),SetupTunnel(Yes/No),DO Detach (Yes/No),SendingData?(Yes/No),MeanDataSendingTime,SendingRate,#Attach,#Detach,#Service_Requests,ATTACH_PERCENT,EPOCH_TPT,EPOCH_DELAY_ms,ServiceRequestLatency
4,16952,4238,180,94.177778,0.001790,No,No,Yes,1,0K,764,760,15428,8.990089,868.525344
8,18577,2322.13,181,102.635359,0.003688,No,No,Yes,1,0K,819,812,16946,8.779674,1013.854538
12,38383,3198.58,181,212.060773,0.004319,No,No,Yes,1,0K,1713,1706,34964,8.907589,1011.668716
14,22381,1598.64,181,123.651934,0.005760,No,No,Yes,1,0K,968,957,20456,8.601046,1039.991934
13,28244,2172.62,181,156.044199,0.006034,No,No,Yes,1,0K,1277,1273,25694,9.028466,1052.221491
