#MaxThreads,#UE,AvUE/Thread,ExecutionTime,RegistrationThroughput(registrations/sec),RegistrationLatency(sec),SetupTunnel(Yes/No),DO Detach (Yes/No),SendingData?(Yes/No),MeanDataSendingTime,SendingRate,#Attach,#Detach,#Service_Requests,ATTACH_PERCENT,EPOCH_TPT,EPOCH_DELAY_ms,ServiceRequestLatency
4,17008,4252,181,93.966851,0.001707,No,No,Yes,1,0K,764,760,15484,8.960489,819.291010
8,27092,3386.5,181,149.679558,0.003025,No,No,Yes,1,0K,1204,1196,24692,8.858704,909.230925
12,22324,1860.33,181,123.337017,0.005095,No,No,Yes,1,0K,997,991,20336,8.905214,1011.938385
14,29459,2104.21,181,162.756906,0.005227,No,No,Yes,1,0K,1291,1278,26890,8.720594,986.973150
13,31218,2401.38,180,173.433333,0.005422,No,No,Yes,1,0K,1409,1401,28408,9.001217,976.637039
